name,seeds,rmse_mean,rmse_std,mae_mean,r2_mean,net_pnl_mean,net_pnl_std,sharpe_mean,sharpe_std,hit_rate_mean,max_drawdown_mean,num_trades_mean,signal_realized_corr_mean,edge_sign_accuracy_mean,rmse_rank,net_pnl_rank,rmse_seed_wins,net_pnl_seed_wins
elastic_net_baseline,2,0.0507350414778392,0.0,0.033762426503069,0.3685832314160231,7.049952528490204,0.0,36.2852462274591,0.0,0.5028041661897676,-0.0143578233635022,8737.0,0.7333860253889544,0.7907748655144786,1.0,4.0,2.0,0.0
hist_gradient_boosting_baseline,2,0.0507526767710017,1.574751815913647e-05,0.0330338622758114,0.3681441689321693,6.976482373677002,0.0026192129647534,36.24237562869529,0.0025891569165461,0.4940595563444269,-0.013553180603147,8252.0,0.7403213173831354,0.8049620712009697,2.0,5.0,0.0,0.0
har_factor_baseline,2,0.05075559403296,0.0,0.0338692017431326,0.3680715591645364,7.058806038324109,0.0,36.33622322433737,0.0,0.5010845986984815,-0.0160769985887148,8759.0,0.7331965981308701,0.7900445256307798,3.0,3.0,0.0,0.0
xlstm_b2_e128,2,0.0508950409252417,3.8077033671984805e-05,0.0343451904884733,0.3645942667139162,7.073818074391743,0.1177057375866781,36.8244068312585,0.7473103944902693,0.5198380127205371,-0.0160923412409268,8505.0,0.733924446986554,0.7941786747707127,4.0,2.0,0.0,1.0
smile_coefficient_baseline,2,0.0515888188571963,0.0,0.0359063446756048,0.3471532580093259,7.1298305191860285,0.0,36.68972916213941,0.0,0.5124698310539019,-0.0160769985887148,8701.0,0.732811483607777,0.7891047006091254,5.0,1.0,0.0,1.0
plain_lstm_l2_h128,2,0.0633026855203306,0.0039412481223697,0.043604866464549,0.0151155835488488,3.712089201576366,0.6375847434309915,18.177111024082297,3.4410947341579954,0.4789765548134463,-0.6013284559058985,10475.5,0.6631717207455731,0.6807385725375621,6.0,6.0,0.0,0.0
